Féneau;Emma;2023-05-23;emma@gmail.com;12345
Emma;ezkf;2023-05-28;ezgc@uhebzui;1234
Emma;Choco;2023-05-28;efeneau@gmail.com;12346
Emma;Coca;2023-05-26;ef@gmail.com;123
Féneau;Emma;2023-05-28;efn@gmail.com;1234
Féneau;Emm;2023-05-19;efu@gmail.com;$2y$10$nmf0KTndzuHC55dotVE2serEbf74x.Hs3/8n0t9wZQWBPN1LVEgyi
i
Féneau;Jeromee;2023-05-29;j@gmail.com;$2y$10$xPFJx3MMNkjSE6140H0GVecwouqLByRHtHWX3HCgN7TKYuGLWD.d6
Féneau;Jerome;2023-05-29;jf@gmail.com;$2y$10$NmoQmFX8b6cAw8yH.xydmu2Y/bv.hY/JJvUu.gEe9uVR.i.GDAfY6
r""v;2023-05-29;jfn@gmail.com;$2y$10$2hJUc6sNu/kKLzFlB/xZuOQ.Trrp0Q9hAANJSXU697a2gZCsW3HKe
